rank,wallet,candidate_score,raw_candidate_score,reliability_factor,signal_level,markets,total_buy_count,total_winning_buy_count,hit_rate,baseline_hit_rate,edge_vs_baseline,total_buy_volume,profit_proxy,profitable_markets,profitable_market_ratio,low_price_win_markets,low_price_win_market_ratio,very_low_price_win_markets,very_low_price_win_market_ratio,late_low_price_win_markets,late_low_price_win_market_ratio,very_low_count_score,very_low_ratio_score,very_low_score,late_count_score,late_ratio_score,late_score,hit_edge_score,profitable_score,profit_score,market_score,volume_score
1,0xcf6a714618a328c608a1c70cb62a31a6bef3f9d0,76.09645461701805,76.09645461701805,1.0,VERY HIGH,8,155,132,0.8516129032258064,0.5833298706727761,0.2682830325530303,108422.20925699355,78919.5122490064,5,0.625,5,0.625,3,0.375,1,0.125,11.25,5.0,16.25,3.333333333333333,5.0,8.333333333333332,20.0,11.71875,9.794371283684733,5.0,5.0
2,0x10b289276b2b69cac7b1bbc58601009b6ee74ceb,70.2851018138767,70.2851018138767,1.0,HIGH,11,852,698,0.8192488262910798,0.5833298706727761,0.23591895561830367,16718.552510112364,2227.296500887634,8,0.7272727272727273,3,0.2727272727272727,3,0.2727272727272727,1,0.09090909090909091,11.25,3.636363636363636,14.886363636363637,3.333333333333333,3.6363636363636367,6.96969696969697,18.873516449464294,13.636363636363637,6.695940140614108,5.0,4.2232209813740385
3,0xad529df14c293d77984a0137990a1441b25211ac,67.78522258903665,67.78522258903665,1.0,HIGH,11,119,87,0.7310924369747899,0.5833298706727761,0.1477625663020138,27208.727399771302,55209.9626002287,6,0.5454545454545454,7,0.6363636363636364,4,0.36363636363636365,1,0.09090909090909091,15.0,4.848484848484849,19.848484848484848,3.333333333333333,3.6363636363636367,6.96969696969697,11.821005304161103,10.227272727272727,9.484042400521815,5.0,4.434720338899189
4,0xd6639bff2beb2bcc0cfedc27e0f7980964e1ca64,67.37104341210686,67.37104341210686,1.0,HIGH,6,138,101,0.7318840579710145,0.5833298706727761,0.14855418729823844,674.999940000512,987.670059999488,6,1.0,3,0.5,3,0.5,1,0.16666666666666666,11.25,6.666666666666666,17.916666666666664,3.333333333333333,6.666666666666666,10.0,11.884334983859075,15.0,5.990097562232019,3.75,2.829944199349106
5,0xc9db6c957b2ba169608907443f3991b8d01b2ad3,67.15096609336081,67.15096609336081,1.0,HIGH,6,579,534,0.9222797927461139,0.5833298706727761,0.33894992207333785,664.2470350011372,1165.20054599886,4,0.6666666666666666,3,0.5,2,0.3333333333333333,1,0.16666666666666666,7.5,4.444444444444445,11.944444444444445,3.333333333333333,6.666666666666666,10.0,20.0,12.499999999999998,6.1335411533318895,3.75,2.822980495584473
6,0xdde1a0257ddcc19522df5128049ce5619944f1d7,64.80190100388445,65.78873198363904,0.985,HIGH,6,97,83,0.8556701030927835,0.5833298706727761,0.2723402324200074,15084.896389925767,1862.643610074233,3,0.5,2,0.3333333333333333,2,0.3333333333333333,1,0.16666666666666666,7.5,4.444444444444445,11.944444444444445,3.333333333333333,6.666666666666666,10.0,20.0,9.375,6.540720047982359,3.75,4.178567491212238
7,0x8f42ae0a01c0383c7ca8bd060b86a645ee74b88f,64.30952380952381,80.38690476190476,0.8,HIGH,7,60,53,0.8833333333333333,0.5833298706727761,0.3000034626605572,377026.5867458527,191294.58285114728,6,0.8571428571428571,3,0.42857142857142855,3,0.42857142857142855,1,0.14285714285714285,11.25,5.7142857142857135,16.964285714285715,3.333333333333333,5.7142857142857135,9.047619047619047,20.0,15.0,10.0,4.375,5.0
8,0xb22326c1770aa89dfb2b372137e570a360433772,63.69839421331608,73.49814716921085,0.8666666666666667,HIGH,4,139,125,0.8992805755395683,0.5833298706727761,0.3159507048667922,277.99986399648907,1061.3687310035118,4,1.0,3,0.75,2,0.5,1,0.25,7.5,6.666666666666666,14.166666666666666,3.333333333333333,10.0,13.333333333333332,20.0,15.0,6.052545301854035,2.5,2.4456018673568076
9,0x86ce8bf4ea6334796156e558642f83f4df0d8af5,63.602158944805865,63.602158944805865,1.0,HIGH,9,116,108,0.9310344827586207,0.5833298706727761,0.3477046120858446,129.99808899817177,66.67253800182823,7,0.7777777777777778,3,0.3333333333333333,2,0.2222222222222222,1,0.1111111111111111,7.5,2.962962962962963,10.462962962962962,3.333333333333333,4.444444444444445,7.777777777777778,20.0,14.583333333333334,3.660821749545554,5.0,2.117263121186232
10,0xbb39ba863319281427a482c8714ffdf69cb7ee8a,63.52912316669074,63.52912316669074,1.0,HIGH,7,195,132,0.676923076923077,0.5833298706727761,0.09359320625030088,152010.37174079038,-2925.7917407903915,6,0.8571428571428571,4,0.5714285714285714,4,0.5714285714285714,1,0.14285714285714285,15.0,7.619047619047619,22.61904761904762,3.333333333333333,5.7142857142857135,9.047619047619047,7.48745650002407,15.0,0.0,4.375,5.0
11,0x09fe78c8b9f10fb9c7c0a584bfab4205c76876ee,62.762154414359536,62.762154414359536,1.0,HIGH,11,447,417,0.9328859060402684,0.5833298706727761,0.34955603536749236,29422.732860993056,1515.4354740069462,10,0.9090909090909091,2,0.18181818181818182,1,0.09090909090909091,1,0.09090909090909091,3.75,1.2121212121212122,4.962121212121212,3.333333333333333,3.6363636363636367,6.96969696969697,20.0,15.0,6.361642345041657,5.0,4.468693887499694
12,0x6b133170edaaae9d61c296ae8c7b9f43bb3bf125,61.33480723314889,61.33480723314889,1.0,HIGH,7,191,156,0.8167539267015707,0.5833298706727761,0.23342405602879457,34345.832379956046,-3789.0523799560433,5,0.7142857142857143,3,0.42857142857142855,2,0.2857142857142857,1,0.14285714285714285,7.5,3.8095238095238093,11.30952380952381,3.333333333333333,5.7142857142857135,9.047619047619047,18.673924482303565,13.392857142857142,0.0,4.375,4.5358827508453246
13,0xef14cb4d77c0ac350c6e6ef38b73d7bfa657a90f,61.072483586162384,61.072483586162384,1.0,HIGH,10,346,305,0.8815028901734104,0.5833298706727761,0.29817301950063435,4137.69398498783,329.7353080121692,9,0.9,3,0.3,1,0.1,1,0.1,3.75,1.3333333333333333,5.083333333333333,3.333333333333333,4.0,7.333333333333333,20.0,15.0,5.038956745188752,5.0,3.6168601743069684
14,0xbacd00c9080a82ded56f504ee8810af732b0ab35,60.96496262869299,60.96496262869299,1.0,HIGH,18,645,390,0.6046511627906976,0.5833298706727761,0.021321292117921553,4492971.142294348,158078.43770565107,15,0.8333333333333334,6,0.3333333333333333,5,0.2777777777777778,1,0.05555555555555555,15.0,3.703703703703704,18.703703703703702,3.333333333333333,2.2222222222222223,5.555555555555555,1.7057033694337242,15.0,10.0,5.0,5.0
15,0x4478d7bd8a295691ac84f60a5ec2b47e122102a4,60.92660363130481,78.61497242749007,0.775,HIGH,8,55,47,0.8545454545454545,0.5833298706727761,0.2712155838726784,100872.01332514256,96509.34688485744,6,0.75,4,0.5,3,0.375,1,0.125,11.25,5.0,16.25,3.333333333333333,5.0,8.333333333333332,20.0,14.0625,9.969139094156745,5.0,5.0
16,0x6c8c265bcf1eb8a83b255defd1bcfbbfe62247c0,59.74512282898419,59.74512282898419,1.0,ELEVATED,7,128,49,0.3828125,0.5833298706727761,-0.20051737067277609,2233.1522289636537,3024.1548280363468,5,0.7142857142857143,5,0.7142857142857143,4,0.5714285714285714,1,0.14285714285714285,15.0,7.619047619047619,22.61904761904762,3.333333333333333,5.7142857142857135,9.047619047619047,0.0,13.392857142857142,6.9614891670311385,4.375,3.3491098524292378
17,0xd67ba35aef659c872377a5ac2becb7ada7f85780,59.190855993019326,69.63630116825803,0.85,ELEVATED,6,70,54,0.7714285714285715,0.5833298706727761,0.18809870075579538,39869.517219800044,44325.192780199955,5,0.8333333333333334,3,0.5,2,0.3333333333333333,1,0.16666666666666666,7.5,4.444444444444445,11.944444444444445,3.333333333333333,6.666666666666666,10.0,15.04789606046363,15.0,9.293312789823117,3.75,4.600647873526836
18,0xabdb30e2a40513f2c40fa48ab3702456786773da,59.023405297075776,71.05546384078143,0.8306666666666667,ELEVATED,5,78,74,0.9487179487179487,0.5833298706727761,0.3653880780451726,11481.550929062687,16860.058357937316,3,0.6,3,0.6,2,0.4,1,0.2,7.5,5.333333333333333,12.833333333333332,3.333333333333333,8.0,11.333333333333332,20.0,11.249999999999998,8.453762320258965,3.125,4.060034853855797
19,0xbae0e0453264bea0d8767d2a5907b6a692205cd6,58.94401255103551,58.94401255103551,1.0,ELEVATED,7,160,151,0.94375,0.5833298706727761,0.3604201293272239,4988.658565975872,532.5086960241273,4,0.5714285714285714,2,0.2857142857142857,1,0.14285714285714285,1,0.14285714285714285,3.75,1.9047619047619047,5.654761904761905,3.333333333333333,5.7142857142857135,9.047619047619047,20.0,10.714285714285714,5.454278267861357,4.375,3.698067616507494
20,0x41c71e6daf8fb1a4ae199ecb4f54cbdf3a5c0df5,58.710109612620826,58.710109612620826,1.0,ELEVATED,8,139,100,0.7194244604316546,0.5833298706727761,0.13609458975887856,6067.468467024937,272.15055797506295,7,0.875,3,0.375,2,0.25,1,0.125,7.5,3.333333333333333,10.833333333333332,3.333333333333333,5.0,8.333333333333332,10.887567180710285,15.0,4.872799951563721,5.0,3.7830758136801568
21,0x714e1a0b7045adda39440599b768e6c5c717beee,58.5795090379377,58.5795090379377,1.0,ELEVATED,8,144,90,0.625,0.5833298706727761,0.041670129327223915,3747.1539489961406,3501.5036750038607,7,0.875,4,0.5,3,0.375,1,0.125,11.25,5.0,16.25,3.333333333333333,5.0,8.333333333333332,3.333610346177913,15.0,7.088751042103402,5.0,3.573814316323047
22,0xe3ebb88dcef510eb6082dfdd54934fde7241443c,58.478105466727484,62.655113000065164,0.9333333333333333,ELEVATED,5,167,156,0.9341317365269461,0.5833298706727761,0.35080186585417006,348.41461099662376,130.33755100337675,5,1.0,1,0.2,1,0.2,1,0.2,3.75,2.6666666666666665,6.416666666666666,3.333333333333333,8.0,11.333333333333332,20.0,15.0,4.236774147840565,3.125,2.5433388522246037
23,0xe2f818be88170b399070d32308909093fab70ef8,58.35239437649952,58.35239437649952,1.0,ELEVATED,7,124,115,0.9274193548387096,0.5833298706727761,0.34408948416593355,225.9879490002795,56.95344999972054,5,0.7142857142857143,3,0.42857142857142855,1,0.14285714285714285,1,0.14285714285714285,3.75,1.9047619047619047,5.654761904761905,3.333333333333333,5.7142857142857135,9.047619047619047,20.0,13.392857142857142,3.5261555269371847,4.375,2.3560007543242456
24,0x94cf12f33cc258208d641836c5d4741c0ac7d339,58.234709565775695,58.234709565775695,1.0,ELEVATED,8,199,138,0.6934673366834171,0.5833298706727761,0.110137466010641,44958.53275002376,1864.8072499762457,6,0.75,4,0.5,2,0.25,1,0.125,7.5,3.333333333333333,10.833333333333332,3.333333333333333,5.0,8.333333333333332,8.81099728085128,14.0625,6.541727870522225,5.0,4.6528177477355275
25,0xc5bdf06de8ac9e1a904408d101c0cdc86571ceaa,57.63294815819016,57.63294815819016,1.0,ELEVATED,9,264,122,0.4621212121212121,0.5833298706727761,-0.12120865855156399,24005.163180092695,3344.536819907303,6,0.6666666666666666,5,0.5555555555555556,4,0.4444444444444444,1,0.1111111111111111,15.0,5.925925925925926,20.925925925925924,3.333333333333333,4.444444444444445,7.777777777777778,0.0,12.499999999999998,7.048925505307308,5.0,4.380318949179149
26,0x5ac8f582c98b998a9ef2e68148bd88780c742611,57.50718365557511,57.50718365557511,1.0,ELEVATED,7,210,154,0.7333333333333333,0.5833298706727761,0.1500034626605572,520.5267939804316,213.9404800195684,5,0.7142857142857143,3,0.42857142857142855,2,0.2857142857142857,1,0.14285714285714285,7.5,3.8095238095238093,11.30952380952381,3.333333333333333,5.7142857142857135,9.047619047619047,12.000277012844576,13.392857142857142,4.664632377247602,4.375,2.7172742654829345
27,0x8f7a4b414417911e7e9bd738399874792cdbdb40,57.36154613097044,57.36154613097044,1.0,ELEVATED,9,187,107,0.5721925133689839,0.5833298706727761,-0.011137357303792172,389185.1139795909,44976.91602040911,7,0.7777777777777778,3,0.3333333333333333,3,0.3333333333333333,1,0.1111111111111111,11.25,4.444444444444445,15.694444444444445,3.333333333333333,4.444444444444445,7.777777777777778,0.0,14.583333333333334,9.305990575414882,5.0,5.0
28,0x71ed0bc95433cdf1be29f43219725fce9addd9eb,57.20305958842175,57.20305958842175,1.0,ELEVATED,13,114,105,0.9210526315789473,0.5833298706727761,0.33772276090617126,390178.72198458004,5171.643015419986,11,0.8461538461538461,1,0.07692307692307693,1,0.07692307692307693,0,0.0,3.75,1.0256410256410258,4.7756410256410255,0.0,0.0,0.0,20.0,15.0,7.42741856278073,5.0,5.0
29,0x6a8328b1ae11569f7b27600073558879885e4c59,57.14339357782043,90.3214861609385,0.6326666666666667,ELEVATED,4,46,45,0.9782608695652174,0.5833298706727761,0.3949309988924413,30771.07100969434,118962.78899030566,4,1.0,4,1.0,4,1.0,1,0.25,15.0,10.0,25.0,3.333333333333333,10.0,13.333333333333332,20.0,15.0,10.0,2.5,4.488152827605183
30,0x01adea599a865a092b51ee4573581a75fc1390f6,56.8462820161664,57.13194172479035,0.995,ELEVATED,6,99,63,0.6363636363636364,0.5833298706727761,0.05303376569086027,17656.02217943739,6313.417820562609,3,0.5,3,0.5,3,0.5,1,0.16666666666666666,11.25,6.666666666666666,17.916666666666664,3.333333333333333,6.666666666666666,10.0,4.2427012552688215,9.375,7.600660029115179,3.75,4.24691377373969
31,0xca972cdf160266af59af5ad84d0577cb3ac75409,56.78803432370805,56.78803432370805,1.0,ELEVATED,7,175,87,0.49714285714285716,0.5833298706727761,-0.08618701352991892,9631.536570035947,1056.243429964052,4,0.5714285714285714,4,0.5714285714285714,4,0.5714285714285714,1,0.14285714285714285,15.0,7.619047619047619,22.61904761904762,3.333333333333333,5.7142857142857135,9.047619047619047,0.0,10.714285714285714,6.048344736476374,4.375,3.9837372062792964
32,0xf375ffb557851c38695e3bc67b81e6ae46cc1c0e,56.53827350110472,56.53827350110472,1.0,ELEVATED,8,129,110,0.8527131782945736,0.5833298706727761,0.2693833076217975,285.1676329967924,63.04041400320761,5,0.625,2,0.25,1,0.125,1,0.125,3.75,1.6666666666666665,5.416666666666666,3.333333333333333,5.0,8.333333333333332,20.0,11.71875,3.612905123581427,5.0,2.4566183775232946
33,0x4d59652f8c3b4cb2aee44a54adbeb59fb3631e2f,56.504188162766084,56.504188162766084,1.0,ELEVATED,6,764,684,0.8952879581151832,0.5833298706727761,0.31195808744240716,1211.6104300029815,144.08600999701707,3,0.5,3,0.5,1,0.16666666666666666,1,0.16666666666666666,3.75,2.2222222222222223,5.972222222222222,3.333333333333333,6.666666666666666,10.0,20.0,9.375,4.323247319610575,3.75,3.0837186209332934
34,0x34d9a7579e3a440238eae0792793a079da269367,55.77657381230549,58.40478933225705,0.9550000000000001,ELEVATED,6,91,60,0.6593406593406593,0.5833298706727761,0.07601078866788324,423.14918199723223,580.9343750027678,4,0.6666666666666666,3,0.5,3,0.5,1,0.16666666666666666,11.25,6.666666666666666,17.916666666666664,3.333333333333333,6.666666666666666,10.0,6.08086309343066,12.499999999999998,5.529743220610257,3.75,2.6275163515494744
35,0x2e69fe40fc27ee0ef07bd46849f1692d3d2f200e,55.361252715425266,55.361252715425266,1.0,ELEVATED,6,160,157,0.98125,0.5833298706727761,0.39792012932722387,46430.458351021574,-1976.413937021535,5,0.8333333333333334,2,0.3333333333333333,2,0.3333333333333333,0,0.0,7.5,4.444444444444445,11.944444444444445,0.0,0.0,0.0,20.0,15.0,0.0,3.75,4.666808270980821
36,0xa2fb77dde34ef67d20c2141f698e30eb2109ff75,55.297321506755075,60.45625529164185,0.9146666666666666,ELEVATED,5,96,83,0.8645833333333334,0.5833298706727761,0.2812534626605573,900.9722240135336,486.5674249864664,3,0.6,3,0.6,1,0.2,1,0.2,3.75,2.6666666666666665,6.416666666666666,3.333333333333333,8.0,11.333333333333332,20.0,11.249999999999998,5.376064694706174,3.125,2.9551905969356804
37,0xe598435df0cdf5d22bdd5082d557f75f9180a0a8,55.15543852262268,57.75438588756301,0.9550000000000001,ELEVATED,11,91,79,0.8681318681318682,0.5833298706727761,0.28480199745909207,206479.4981583129,7871.917886687086,10,0.9090909090909091,1,0.09090909090909091,1,0.09090909090909091,0,0.0,3.75,1.2121212121212122,4.962121212121212,0.0,0.0,0.0,20.0,15.0,7.7922646754418,5.0,5.0
38,0xb10047d6a254b2ebb306d7a7d13bf59171ab6461,54.96026394552626,54.96026394552626,1.0,ELEVATED,10,111,58,0.5225225225225225,0.5833298706727761,-0.06080734815025357,233898.36638022753,42262.876063772484,7,0.7,6,0.6,3,0.3,1,0.1,11.25,3.9999999999999996,15.25,3.333333333333333,4.0,7.333333333333333,0.0,13.124999999999998,9.251930612192929,5.0,5.0
39,0x241f846866c2de4fb67cdb0ca6b963d85e56ef50,54.91789257488013,54.91789257488013,1.0,ELEVATED,12,1626,1525,0.9378843788437884,0.5833298706727761,0.3545545081710123,22997327.867682017,90979.97668797463,11,0.9166666666666666,0,0.0,0,0.0,0,0.0,0.0,0.0,0.0,0.0,0.0,0.0,20.0,15.0,9.917892574880126,5.0,5.0
40,0x06dcaa14f57d8a0573f5dc5940565e6de667af59,54.77580084449827,65.49517837126137,0.8363333333333335,ELEVATED,4,93,79,0.8494623655913979,0.5833298706727761,0.2661324949186218,64598.624089923396,95036.99591007658,3,0.75,2,0.5,2,0.5,0,0.0,7.5,6.666666666666666,14.166666666666666,0.0,0.0,0.0,20.0,14.0625,9.955785891872722,2.5,4.810225812721982
41,0x4d1de18e209968c2732cd39fcad91548eee75aa0,54.03435602531734,68.9213724812721,0.7840000000000001,ELEVATED,5,68,65,0.9558823529411765,0.5833298706727761,0.37255248226840043,13479.605563042718,107571.66234095728,2,0.4,2,0.4,2,0.4,1,0.2,7.5,5.333333333333333,12.833333333333332,3.333333333333333,8.0,11.333333333333332,20.0,7.5,10.0,3.125,4.12970581460545
42,0x45a22737a76fafd5dd101eb0dc6030986eb13c01,54.01297088031184,62.322658708052124,0.8666666666666667,ELEVATED,4,1423,1258,0.8840477863668307,0.5833298706727761,0.3007179156940546,52298.331756138105,161515.4682958621,1,0.25,1,0.25,1,0.25,1,0.25,3.75,3.333333333333333,7.083333333333333,3.333333333333333,10.0,13.333333333333332,20.0,4.6875,10.0,2.5,4.718492041385457
43,0xdd572169e741c72227589c5cb56b9ddd638d694d,53.928924050475565,53.928924050475565,1.0,ELEVATED,10,828,775,0.9359903381642513,0.5833298706727761,0.35266046749147517,9141476.866435135,29137.413564862512,8,0.8,0,0.0,0,0.0,0,0.0,0.0,0.0,0.0,0.0,0.0,0.0,20.0,15.0,8.928924050475567,5.0,5.0
44,0x54498e4c40b17261479aeaeeddf9cc37bd46992b,53.83731177639338,53.83731177639338,1.0,ELEVATED,8,2552,1531,0.5999216300940439,0.5833298706727761,0.016591759421267782,6997.47273393409,2073.26110906591,3,0.375,5,0.625,4,0.5,1,0.125,15.0,6.666666666666666,21.666666666666664,3.333333333333333,5.0,8.333333333333332,1.3273407537014226,7.03125,6.633721087470258,5.0,3.8449999352217024
45,0x7b676d5a6379855773d405fcf19b9aa577651b07,53.548112486535985,53.548112486535985,1.0,ELEVATED,9,165,161,0.9757575757575757,0.5833298706727761,0.3924277050847996,2050056.5071999999,18794.762800000008,8,0.8888888888888888,0,0.0,0,0.0,0,0.0,0.0,0.0,0.0,0.0,0.0,0.0,20.0,15.0,8.548112486535985,5.0,5.0
46,0x6c979ffcc3528a5d2395a2f7c89135711da0988c,53.432762125517456,53.432762125517456,1.0,ELEVATED,6,16534,14553,0.880186282811177,0.5833298706727761,0.29685641213840086,6475126.877459898,69403.1225400926,5,0.8333333333333334,0,0.0,0,0.0,0,0.0,0.0,0.0,0.0,0.0,0.0,0.0,20.0,15.0,9.682762125517453,3.75,5.0
47,0xa3ad70cf48a2f2b44163e798223c01a2c2536866,52.800460500054484,52.800460500054484,1.0,ELEVATED,8,3710,3355,0.9043126684636119,0.5833298706727761,0.3209827977908358,1060014.0032499298,7946.556750071091,7,0.875,1,0.125,0,0.0,0,0.0,0.0,0.0,0.0,0.0,0.0,0.0,20.0,15.0,7.8004605000544815,5.0,5.0
48,0xb442b3e92da23077418bba852287aa127c7abed7,52.53957933927707,56.292406434939714,0.9333333333333333,ELEVATED,5,143,133,0.9300699300699301,0.5833298706727761,0.346740059397154,2326.15257900136,187.4925659986396,2,0.4,1,0.2,1,0.2,1,0.2,3.75,2.6666666666666665,6.416666666666666,3.333333333333333,8.0,11.333333333333332,20.0,7.5,4.550584500712896,3.125,3.366821934226818
49,0x72a22d4d155079da8f50c89d4c6c03b6428e7b65,52.44199941055693,56.38924667801821,0.9299999999999999,ELEVATED,13,86,76,0.8837209302325582,0.5833298706727761,0.30039105955978207,294222.9432702173,20720.53672978278,9,0.6923076923076923,2,0.15384615384615385,1,0.07692307692307693,0,0.0,3.75,1.0256410256410258,4.7756410256410255,0.0,0.0,0.0,20.0,12.98076923076923,8.632836421607955,5.0,5.0
50,0x87c0540bc97f4377f86dd915e1c279621e726660,52.437794919666565,52.437794919666565,1.0,ELEVATED,10,807,772,0.9566294919454771,0.5833298706727761,0.373299621272701,872.4822740046676,159.91885699533418,9,0.9,2,0.2,1,0.1,0,0.0,3.75,1.3333333333333333,5.083333333333333,0.0,0.0,0.0,20.0,15.0,4.413210044997237,5.0,2.941251541336001
51,0xb83f717cd03598dde412bc63e8ec1f18914fb5b2,52.334249701866,65.4178121273325,0.8,ELEVATED,3,241,213,0.8838174273858921,0.5833298706727761,0.300487556713116,4709.719393987989,832.6383580120121,2,0.6666666666666666,2,0.6666666666666666,1,0.3333333333333333,1,0.3333333333333333,3.75,4.444444444444445,8.194444444444445,3.333333333333333,10.0,13.333333333333332,20.0,12.499999999999998,5.841950304788495,1.875,3.6730840447662216
52,0x24c8cf69a0e0a17eee21f69d29752bfa32e823e1,52.230244344011005,52.230244344011005,1.0,ELEVATED,16,353,192,0.5439093484419264,0.5833298706727761,-0.039420522230849686,2453490.8137105484,19596.886289451377,12,0.75,4,0.25,3,0.1875,1,0.0625,11.25,2.5,13.75,3.333333333333333,2.5,5.833333333333333,0.0,14.0625,8.584411010677677,5.0,5.0
53,0x9e5c74c0bf46f0bf3fcd1064d17e6201c67fd8e6,52.10530901617454,65.13163627021817,0.8,ELEVATED,3,106,102,0.9622641509433962,0.5833298706727761,0.37893428027062015,3133.4495199822327,734.1104800177675,2,0.6666666666666666,1,0.3333333333333333,1,0.3333333333333333,1,0.3333333333333333,3.75,4.444444444444445,8.194444444444445,3.333333333333333,10.0,13.333333333333332,20.0,12.499999999999998,5.732700249190575,1.875,3.496158243249808
54,0x401ee31e9ebf9ab9f6315cd95faca5f950436fc9,52.09077695435084,52.09077695435084,1.0,ELEVATED,8,224,126,0.5625,0.5833298706727761,-0.020829870672776085,115343.22803012848,26964.531969871525,6,0.75,6,0.75,2,0.25,1,0.125,7.5,3.333333333333333,10.833333333333332,3.333333333333333,5.0,8.333333333333332,0.0,14.0625,8.861610287684172,5.0,5.0
55,0xfd66d7ed45d7962ad009e669cdaec9319e38fb6d,51.83481221170944,69.54581244862626,0.7453333333333333,ELEVATED,4,72,52,0.7222222222222222,0.5833298706727761,0.13889235154944612,23545.595435275263,294578.88789672474,3,0.75,3,0.75,2,0.5,1,0.25,7.5,6.666666666666666,14.166666666666666,3.333333333333333,10.0,13.333333333333332,11.11138812395569,14.0625,10.0,2.5,4.371924324670568
56,0x67bc6af6806df61ba5144b125174ecf5f821d54e,51.82831278103431,51.82831278103431,1.0,ELEVATED,8,1926,1590,0.8255451713395638,0.5833298706727761,0.24221530066678776,982331.1774396751,5314.542560325282,7,0.875,0,0.0,0,0.0,0,0.0,0.0,0.0,0.0,0.0,0.0,0.0,19.37722405334302,15.0,7.451088727691295,5.0,5.0
57,0x122cdd9db64fd8dc3ebab813218e3effe21f821f,51.80572830287558,51.80572830287558,1.0,ELEVATED,7,117,113,0.9658119658119658,0.5833298706727761,0.38248209513918974,1448934.3691187939,5191.390881205664,6,0.8571428571428571,1,0.14285714285714285,0,0.0,0,0.0,0.0,0.0,0.0,0.0,0.0,0.0,20.0,15.0,7.430728302875579,4.375,5.0
58,0xceae15533f441b29685bb41dd8d25835760c7a2d,51.6960086352036,51.6960086352036,1.0,ELEVATED,9,1289,1179,0.9146625290923196,0.5833298706727761,0.3313326584195435,228438.92301003297,3599.3169899671434,7,0.7777777777777778,0,0.0,0,0.0,0,0.0,0.0,0.0,0.0,0.0,0.0,0.0,20.0,14.583333333333334,7.112675301870262,5.0,5.0
59,0x149bcbfbdc772d60cdb252c1513405cef7c8d435,51.5929487730772,54.308367129554945,0.95,ELEVATED,6,90,70,0.7777777777777778,0.5833298706727761,0.1944479071050017,126.72750299819221,161.93590400180778,4,0.6666666666666666,1,0.16666666666666666,1,0.16666666666666666,1,0.16666666666666666,3.75,2.2222222222222223,5.972222222222222,3.333333333333333,6.666666666666666,10.0,15.555832568400136,12.499999999999998,4.424029746374744,3.75,2.106282592557847
60,0xcb18094bc5641b0139797e34b4fa7b2178173af5,51.48209608927529,59.63177153197909,0.8633333333333334,ELEVATED,5,85,84,0.9882352941176471,0.5833298706727761,0.404905423444871,102.83847199955684,6.416658000443192,4,0.8,1,0.2,1,0.2,1,0.2,3.75,2.6666666666666665,6.416666666666666,3.333333333333333,8.0,11.333333333333332,20.0,15.0,1.740414994567826,3.125,2.0163565374112626
61,0x1d8c256b15d3cd1f5db221e70c77f552eb8d757a,51.477211757948275,51.477211757948275,1.0,ELEVATED,9,498,440,0.8835341365461847,0.5833298706727761,0.30020426587340865,117883.51112999632,2797.6088700036944,7,0.7777777777777778,0,0.0,0,0.0,0,0.0,0.0,0.0,0.0,0.0,0.0,0.0,20.0,14.583333333333334,6.89387842461494,5.0,5.0
62,0xccb3ea9a3b5fa35420d780306637a2371b302ead,51.39201895739974,79.80127167298097,0.6439999999999999,ELEVATED,5,38,34,0.8947368421052632,0.5833298706727761,0.3114069714324871,1804.919959122235,8280.800001877764,5,1.0,4,0.8,3,0.6,1,0.2,11.25,7.999999999999999,19.25,3.333333333333333,8.0,11.333333333333332,20.0,15.0,7.836242670493273,3.125,3.25669566915437
63,0x7c33a9135c1cf344a3524852138553f41233e721,51.349903665104726,51.349903665104726,1.0,ELEVATED,6,179,157,0.8770949720670391,0.5833298706727761,0.29376510139426304,395.43820198416614,102.45604001583382,5,0.8333333333333334,3,0.5,1,0.16666666666666666,0,0.0,3.75,2.2222222222222223,5.972222222222222,0.0,0.0,0.0,20.0,15.0,4.029508201856266,3.75,2.598173241026236
64,0xa4bc3bbdac29e51c0c4f8485cd15e36d7478026c,51.26390881742447,62.51696197246886,0.8200000000000001,ELEVATED,7,64,57,0.890625,0.5833298706727761,0.3072951293272239,95704.01702909906,16955.218109900947,5,0.7142857142857143,2,0.2857142857142857,2,0.2857142857142857,0,0.0,7.5,3.8095238095238093,11.30952380952381,0.0,0.0,0.0,20.0,13.392857142857142,8.458650641576108,4.375,4.980930378511804
65,0xd5c4da09fa7bf7220ca6d488b04f907407b6f701,51.17566124847512,51.95498603906104,0.985,ELEVATED,8,97,94,0.9690721649484536,0.5833298706727761,0.3857422942756775,506026.6461284012,3001.590042598871,7,0.875,0,0.0,0,0.0,0,0.0,0.0,0.0,0.0,0.0,0.0,0.0,20.0,15.0,6.954986039061037,5.0,5.0
66,0xeafc14c8639ef6fbf882b74c3e6de2fe72d10d5c,51.09172398382861,77.06142380667964,0.663,ELEVATED,4,53,51,0.9622641509433962,0.5833298706727761,0.37893428027062015,4623.465809809312,46443.76419019069,3,0.75,2,0.5,2,0.5,1,0.25,7.5,6.666666666666666,14.166666666666666,3.333333333333333,10.0,13.333333333333332,20.0,14.0625,9.333865417180311,2.5,3.665058389499329
67,0x3376af22d333213cc84be18e9687d421ef5d3c7f,50.991227396452636,50.991227396452636,1.0,ELEVATED,9,618,515,0.8333333333333334,0.5833298706727761,0.2500034626605573,137216.62680000011,1598.3732000000025,7,0.7777777777777778,0,0.0,0,0.0,0,0.0,0.0,0.0,0.0,0.0,0.0,0.0,20.0,14.583333333333334,6.407894063119299,5.0,5.0
68,0xb8fe807aa951e35af53fd0fee36abc303864ce76,50.919046078493174,86.40109628703594,0.5893333333333333,ELEVATED,4,36,36,1.0,0.5833298706727761,0.4166701293272239,73113.27036529846,53318.56771770153,4,1.0,3,0.75,3,0.75,1,0.25,11.25,10.0,21.25,3.333333333333333,10.0,13.333333333333332,20.0,15.0,9.45376502813157,2.5,4.863997925571041
69,0x90f7180856b033ea45200d892a7bc49fd1662501,50.6795797972951,56.310644219216776,0.9,ELEVATED,11,80,62,0.775,0.5833298706727761,0.19167012932722394,52864.68131097756,1460.5497660224469,9,0.8181818181818182,4,0.36363636363636365,2,0.18181818181818182,0,0.0,7.5,2.4242424242424243,9.924242424242424,0.0,0.0,0.0,15.333610346177915,15.0,6.329621717682892,5.0,4.723169731113545
70,0x84fbc75bcc325a8860295afd16c9e1edebd044f3,50.67613631485625,50.67613631485625,1.0,ELEVATED,7,227,219,0.9647577092511013,0.5833298706727761,0.3814278385783252,50931.35722800553,1980.8746249944766,6,0.8571428571428571,0,0.0,0,0.0,0,0.0,0.0,0.0,0.0,0.0,0.0,0.0,20.0,15.0,6.594146626815692,4.375,4.706989688040558
71,0x6bab41a0dc40d6dd4c1a915b8c01969479fd1292,50.590445536266856,52.42533216193456,0.9650000000000001,ELEVATED,9,93,54,0.5806451612903226,0.5833298706727761,-0.002684709382453465,926711.0030815378,63186.79691846226,7,0.7777777777777778,4,0.4444444444444444,2,0.2222222222222222,1,0.1111111111111111,7.5,2.962962962962963,10.462962962962962,3.333333333333333,4.444444444444445,7.777777777777778,0.0,14.583333333333334,9.601258087860483,5.0,5.0
72,0x051b59049fbda656f161bdda9939607b4a5a09d4,50.528240578949806,50.528240578949806,1.0,ELEVATED,8,105,79,0.7523809523809524,0.5833298706727761,0.1690510817081763,1483.55089598472,1380.15339001528,5,0.625,3,0.375,2,0.25,0,0.0,7.5,3.333333333333333,10.833333333333332,0.0,0.0,0.0,13.524086536654103,11.71875,6.280478372324165,5.0,3.171592336638201
73,0x87d6a04aa4e48c6e7a7c9b009d70f1c79e7ed1e7,50.51566250797337,66.40972284133221,0.7606666666666666,ELEVATED,5,63,61,0.9682539682539683,0.5833298706727761,0.38492409758119217,12839.015060045607,1632.3649399543929,4,0.8,1,0.2,1,0.2,1,0.2,3.75,2.6666666666666665,6.416666666666666,3.333333333333333,8.0,11.333333333333332,20.0,15.0,6.426160876849081,3.125,4.108561964483123
74,0xddff18c9e86262e62af046d818dda0c3de6f52d6,50.44266588087055,50.44266588087055,1.0,ELEVATED,8,136,126,0.9264705882352942,0.5833298706727761,0.34314071756251807,2478575.329809768,23011.390190231745,5,0.625,0,0.0,0,0.0,0,0.0,0.0,0.0,0.0,0.0,0.0,0.0,20.0,11.71875,8.723915880870551,5.0,5.0
75,0x4ed0ae7599e739df583a5063aea9244f57ca6106,50.421370721880066,63.18467509007527,0.798,ELEVATED,5,71,69,0.971830985915493,0.5833298706727761,0.3885011152427169,543.7076149978939,192.53476800210623,4,0.8,2,0.4,1,0.2,1,0.2,3.75,2.6666666666666665,6.416666666666666,3.333333333333333,8.0,11.333333333333332,20.0,15.0,4.573514019921871,3.125,2.736161070153391
76,0x8f7d963f3c87b4595d0a05bdd2ebb829cec11c5b,50.326901643786506,62.90862705473313,0.8,ELEVATED,3,114,114,1.0,0.5833298706727761,0.4166701293272239,1372.429581010896,1791.5450249891044,3,1.0,2,0.6666666666666666,2,0.6666666666666666,0,0.0,7.5,8.88888888888889,16.38888888888889,0.0,0.0,0.0,20.0,15.0,6.506934494272048,1.875,3.137803671572204
77,0x8217b6c8878a4aa4ecc023608dbf91d4fac64936,50.19631231102017,50.19631231102017,1.0,ELEVATED,13,718,494,0.6880222841225627,0.5833298706727761,0.10469241344978664,10184.750309996976,544.2496900030263,5,0.38461538461538464,6,0.46153846153846156,5,0.38461538461538464,0,0.0,15.0,5.128205128205129,20.128205128205128,0.0,0.0,0.0,8.375393075982931,7.211538461538462,5.4731861007476335,5.0,4.007989544546018
78,0x50a3b6cb6fe6b987cdd541c8270fe855ed140a78,50.12338802121621,50.12338802121621,1.0,ELEVATED,8,135,87,0.6444444444444445,0.5833298706727761,0.0611145737716684,959.3294970166862,1523.7430139833139,5,0.625,3,0.375,2,0.25,1,0.125,7.5,3.333333333333333,10.833333333333332,3.333333333333333,5.0,8.333333333333332,4.889165901733472,11.71875,6.366387774650138,5.0,2.9824176781659406
79,0x8e9c5564a1c25f1e491f14b4ec6b4185361c31e4,49.967090307853596,68.13694132889127,0.7333333333333333,ELEVATED,2,259,217,0.8378378378378378,0.5833298706727761,0.25450796716506174,388.49935701418906,592.22688598581,2,1.0,2,1.0,1,0.5,1,0.5,3.75,6.666666666666666,10.416666666666666,3.333333333333333,10.0,13.333333333333332,20.0,15.0,5.5464368338880945,1.25,2.590504495003176
80,0x5b6331e7ff0831a3fe2ed12004747db1a9c911a4,49.91863880612907,49.91863880612907,1.0,ELEVATED,8,491,93,0.1894093686354379,0.5833298706727761,-0.3939205020373382,21898.96022982381,30324.771001176196,3,0.375,4,0.5,3,0.375,1,0.125,11.25,5.0,16.25,3.333333333333333,5.0,8.333333333333332,0.0,7.03125,8.963615916669719,5.0,4.340439556126015
81,0x2b366034b69b64a444406b2db7ec1ff7869c473b,49.71829939255441,49.71829939255441,1.0,ELEVATED,9,741,522,0.7044534412955465,0.5833298706727761,0.12112357062277046,56316.07512712111,-1281.2631161210845,7,0.7777777777777778,3,0.3333333333333333,3,0.3333333333333333,0,0.0,11.25,4.444444444444445,15.694444444444445,0.0,0.0,0.0,9.689885649821637,14.583333333333334,0.0,5.0,4.750635964954985
82,0x468fdac2356fa3404489d9446a8a2d7d856fb94c,49.62741893543852,57.70630108771921,0.86,ELEVATED,7,72,61,0.8472222222222222,0.5833298706727761,0.2638923515494461,125.90528600181545,286.8404549981846,7,1.0,2,0.2857142857142857,2,0.2857142857142857,0,0.0,7.5,3.8095238095238093,11.30952380952381,0.0,0.0,0.0,20.0,15.0,4.918299393049885,4.375,2.1034778851455167
83,0xd04d93be590ded67b99f053d4b6d29d3f8483312,49.56695540318581,49.56695540318581,1.0,ELEVATED,7,263,261,0.9923954372623575,0.5833298706727761,0.4090655665895814,2000766.43291,2508.297090000005,5,0.7142857142857143,0,0.0,0,0.0,0,0.0,0.0,0.0,0.0,0.0,0.0,0.0,20.0,13.392857142857142,6.799098260328669,4.375,5.0
84,0x39aaed185b92e99a78249610cc14a589b764583c,49.536632231927335,49.536632231927335,1.0,ELEVATED,9,934,595,0.6370449678800857,0.5833298706727761,0.0537150972073096,57403.84544000564,5439.18455999441,8,0.8888888888888888,2,0.2222222222222222,1,0.1111111111111111,1,0.1111111111111111,3.75,1.4814814814814814,5.231481481481481,3.333333333333333,4.444444444444445,7.777777777777778,4.297207776584768,15.0,7.471220777666071,5.0,4.758944418417236
85,0x90448cec34e3cfa75212374ea45ed01a258c6364,49.12682941435541,49.12682941435541,1.0,ELEVATED,9,230,224,0.9739130434782609,0.5833298706727761,0.3905831728054848,30182.65475503714,339.3033879628595,7,0.7777777777777778,0,0.0,0,0.0,0,0.0,0.0,0.0,0.0,0.0,0.0,0.0,20.0,14.583333333333334,5.063728147380701,5.0,4.479767933641377
86,0xafc5d2ec5b328aa3e30617eefdc347b8455f866b,49.0498452676744,69.57424860663036,0.705,ELEVATED,7,41,32,0.7804878048780488,0.5833298706727761,0.19715793420527272,1152.2085419297216,3018.787686070278,5,0.7142857142857143,3,0.42857142857142855,3,0.42857142857142855,1,0.14285714285714285,11.25,5.7142857142857135,16.964285714285715,3.333333333333333,5.7142857142857135,9.047619047619047,15.772634736421818,13.392857142857142,6.959946774380147,4.375,3.0619051910665034
87,0xa8638d8d7a00eb3559df4b8f51c27be955578599,49.035718567997755,52.53826989428331,0.9333333333333333,ELEVATED,5,201,161,0.8009950248756219,0.5833298706727761,0.21766515420284582,999.1385420020873,-77.19889900208743,3,0.6,2,0.4,1,0.2,1,0.2,3.75,2.6666666666666665,6.416666666666666,3.333333333333333,8.0,11.333333333333332,17.413212336227666,11.249999999999998,0.0,3.125,3.000057558055647
88,0xc90ea747d59514724efd49275124e695775439e3,49.03381413909109,49.03381413909109,1.0,ELEVATED,8,307,288,0.9381107491856677,0.5833298706727761,0.35478087851289164,503.10926200866544,124.29663099133458,5,0.625,2,0.25,1,0.125,0,0.0,3.75,1.6666666666666665,5.416666666666666,0.0,0.0,0.0,20.0,11.71875,4.195875142981867,5.0,2.7025223294425578
89,0xbc6bfbf1a94c441516b022a70f85a02c6dfffa9e,48.76927237001699,82.14925160586802,0.5936666666666668,ELEVATED,4,37,33,0.8918918918918919,0.5833298706727761,0.3085620212191158,613.8499779620536,4349.898249037947,4,1.0,3,0.75,3,0.75,1,0.25,11.25,10.0,21.25,3.333333333333333,10.0,13.333333333333332,20.0,15.0,7.277151533008731,2.5,2.78876673952595
90,0xdae6349433286ec4034e61c79698447d4f7ce440,48.558350421289326,63.062792754921205,0.77,ELEVATED,6,54,52,0.9629629629629629,0.5833298706727761,0.3796330922901868,26111.44918017484,9456.050819825161,6,1.0,2,0.3333333333333333,2,0.3333333333333333,0,0.0,7.5,4.444444444444445,11.944444444444445,0.0,0.0,0.0,20.0,15.0,7.95150453911035,3.75,4.41684377136641
91,0x2a315a8d15cfde768bcd47ba5cacf3ef5894f2f0,48.523574957894894,48.523574957894894,1.0,ELEVATED,8,121,108,0.8925619834710744,0.5833298706727761,0.3092321127982983,10956.821047006164,173.5537079938362,7,0.875,1,0.125,0,0.0,0,0.0,0.0,0.0,0.0,0.0,0.0,0.0,20.0,15.0,4.483854263073175,5.0,4.039720694821719
92,0x74471a007ddcc488f6d57b5e86dfb35a8d48a16d,48.463541666666664,55.38690476190476,0.875,ELEVATED,7,75,40,0.5333333333333333,0.5833298706727761,-0.04999653733944276,258082.02412930038,120163.19587069968,5,0.7142857142857143,5,0.7142857142857143,4,0.5714285714285714,0,0.0,15.0,7.619047619047619,22.61904761904762,0.0,0.0,0.0,0.0,13.392857142857142,10.0,4.375,5.0
93,0x0e7fa09bf44514693b5ecc2420c50abc39b62015,48.39963915243672,48.39963915243672,1.0,ELEVATED,9,328,280,0.8536585365853658,0.5833298706727761,0.27032866591258975,19286.703760000004,183.29624000000007,7,0.7777777777777778,1,0.1111111111111111,0,0.0,0,0.0,0.0,0.0,0.0,0.0,0.0,0.0,20.0,14.583333333333334,4.531029014140788,5.0,4.285276804962589
94,0xd32ce89f16509d3c8f8b5e9750305a5b2bc2a4c2,48.34846792408216,48.34846792408216,1.0,ELEVATED,8,2254,1870,0.8296362023070097,0.5833298706727761,0.24630633163423366,11962.126819999807,190.8943100001996,7,0.875,0,0.0,0,0.0,0,0.0,0.0,0.0,0.0,0.0,0.0,0.0,19.70450653073869,15.0,4.566120228618602,5.0,4.077841164724868
95,0x0c36bdedfbe0282ad9583bb30e4d2f0683d074df,48.279520572779916,48.279520572779916,1.0,ELEVATED,11,1159,830,0.7161345987920621,0.5833298706727761,0.132804728119286,40252.428739997835,1096.3012600021696,9,0.8181818181818182,2,0.18181818181818182,0,0.0,1,0.09090909090909091,0.0,0.0,0.0,3.333333333333333,3.6363636363636367,6.96969696969697,10.62437824954288,15.0,6.080646474221863,5.0,4.604798879318198
96,0x7c3db723f1d4d8cb9c550095203b686cb11e5c6b,48.25757575757576,48.25757575757576,1.0,ELEVATED,11,207,114,0.5507246376811594,0.5833298706727761,-0.03260523299161666,1129014.561971708,-35839.441971707936,6,0.5454545454545454,5,0.45454545454545453,5,0.45454545454545453,1,0.09090909090909091,15.0,6.0606060606060606,21.060606060606062,3.333333333333333,3.6363636363636367,6.96969696969697,0.0,10.227272727272727,0.0,5.0,5.0
97,0x9902cc1ffb582e079c902380b655fdc3afb534b3,48.21342485316261,55.63087483057224,0.8666666666666667,ELEVATED,4,123,113,0.9186991869918699,0.5833298706727761,0.33536931631909384,79745.64507869874,-116.0170846987661,3,0.75,2,0.5,2,0.5,0,0.0,7.5,6.666666666666666,14.166666666666666,0.0,0.0,0.0,20.0,14.0625,0.0,2.5,4.901708163905577
98,0xb7d54bf1d0a362beb916d9cb58a04c41d67e0789,48.13164434555718,48.13164434555718,1.0,ELEVATED,6,152,147,0.9671052631578947,0.5833298706727761,0.3837753924851186,16726.771369967904,378.4086300321003,5,0.8333333333333334,0,0.0,0,0.0,0,0.0,0.0,0.0,0.0,0.0,0.0,0.0,20.0,15.0,5.1582099299205275,3.75,4.223434415636648
99,0x1683acbf69fc8d5eab2f2ef150904efe2e166906,48.12024298729945,55.523357293037826,0.8666666666666667,ELEVATED,4,1699,1693,0.9964685108887581,0.5833298706727761,0.413138640215982,6269.560900000009,10966.659099999939,3,0.75,1,0.25,1,0.25,0,0.0,3.75,3.333333333333333,7.083333333333333,0.0,0.0,0.0,20.0,14.0625,8.080220867889723,2.5,3.797303091814774
100,0xff0931866aa744cc4f4e71d89055244adfff25ab,48.02685761573855,48.02685761573855,1.0,ELEVATED,9,502,331,0.6593625498007968,0.5833298706727761,0.0760326791280207,712.9861869868678,519.6868780131313,5,0.5555555555555556,4,0.4444444444444444,2,0.2222222222222222,1,0.1111111111111111,7.5,2.962962962962963,10.462962962962962,3.333333333333333,4.444444444444445,7.777777777777778,6.082614330241656,10.416666666666666,5.433148546905794,5.0,2.8536873311837025
